year,status,weighted_anc4,n_countries
2022,Acceleration Needed,72.92639432361054,7
2022,Achieved,90.81155528794952,6
2022,On Track,45.505327189465795,2
