year,status,weighted_sba,n_countries
2022,Acceleration Needed,87.6588053627617,9
2022,Achieved,95.90779152464799,31
2022,On Track,71.55864620975112,2
