year,status,weighted_sba,n_countries
2018,Acceleration Needed,64.01165090772352,20
2018,Achieved,96.80340098551825,82
2018,On Track,52.923120030147125,2
2019,Acceleration Needed,66.80847135761918,19
2019,Achieved,96.70540980166952,78
2019,On Track,62.16204992484687,3
2020,Acceleration Needed,72.25609968087142,13
2020,Achieved,96.90753926157876,75
2020,On Track,97.6,1
2021,Acceleration Needed,57.22193670904431,11
2021,Achieved,96.54891773166429,61
2021,On Track,89.4,1
